parameter,s
K,0.03100115
R,2.46462E-05
C North,0.000137417
C Middle,0.006391961
C South,0.000345969
C Verm,3.98476E-05
SY,0.001089275
GHB,5.28393E-05
